feature,importance
monetary,0.9761705249754713
avg_order_value,0.015564236584062042
recency_days,0.007683718638440494
frequency,0.00023747911419000334
customer_lifespan,0.00019953607900955955
avg_purchase_interval_days,0.00014450460882665646
